Frame,Person,Joint,Angle(deg)
1,1,Left Shoulder-Left Elbow-Left Wrist,124.78501760461683
1,1,Left Hip-Left Knee-Left Ankle,22.61399436164963
1,1,Left Shoulder-Left Hip-Left Knee,140.62329167796202
1,1,Right Shoulder-Right Hip-Right Knee,12.76624977245064
2,1,Left Shoulder-Left Elbow-Left Wrist,128.31571696898328
2,1,Left Hip-Left Knee-Left Ankle,7.37764803095706
2,1,Left Shoulder-Left Hip-Left Knee,156.26607046576112
2,1,Right Shoulder-Right Hip-Right Knee,11.617303257225172
3,1,Left Shoulder-Left Elbow-Left Wrist,148.10529727559407
3,1,Left Hip-Left Knee-Left Ankle,12.887987806096417
3,1,Left Shoulder-Left Hip-Left Knee,150.1885848806399
3,1,Right Shoulder-Right Hip-Right Knee,10.924253895997172
4,1,Left Shoulder-Left Elbow-Left Wrist,150.11447910918406
4,1,Left Shoulder-Left Hip-Left Knee,15.335216950843321
4,1,Right Shoulder-Right Hip-Right Knee,10.130208241108097
5,1,Left Shoulder-Left Elbow-Left Wrist,160.83710331500336
5,1,Right Shoulder-Right Elbow-Right Wrist,0.5712977408518038
5,1,Left Hip-Left Knee-Left Ankle,15.557278703256427
5,1,Left Shoulder-Left Hip-Left Knee,148.45676291976096
5,1,Right Shoulder-Right Hip-Right Knee,9.353702840481748
6,1,Left Shoulder-Left Elbow-Left Wrist,158.91994030908148
6,1,Left Hip-Left Knee-Left Ankle,14.127314080930633
6,1,Left Shoulder-Left Hip-Left Knee,152.92186478604694
6,1,Right Shoulder-Right Hip-Right Knee,12.246206610604503
7,1,Left Shoulder-Left Elbow-Left Wrist,132.13937823742165
7,1,Left Hip-Left Knee-Left Ankle,1.2419079335668262
7,1,Left Shoulder-Left Hip-Left Knee,165.94292821478567
7,1,Right Shoulder-Right Hip-Right Knee,11.257236083491263
8,1,Left Shoulder-Left Elbow-Left Wrist,126.33429722992561
8,1,Left Shoulder-Left Hip-Left Knee,14.004586900292404
8,1,Right Shoulder-Right Hip-Right Knee,9.228734980181427
9,1,Left Shoulder-Left Elbow-Left Wrist,31.218440603114903
9,1,Left Shoulder-Left Hip-Left Knee,13.115904655367965
10,1,Left Shoulder-Left Elbow-Left Wrist,17.12884811093944
10,1,Left Shoulder-Left Hip-Left Knee,13.991442596133796
11,1,Left Shoulder-Left Elbow-Left Wrist,15.501332274375253
11,1,Left Hip-Left Knee-Left Ankle,11.82410090893844
11,1,Left Shoulder-Left Hip-Left Knee,152.92307268441013
11,1,Right Shoulder-Right Hip-Right Knee,11.299249479920778
12,1,Left Shoulder-Left Elbow-Left Wrist,1.3683071242646414
12,1,Left Hip-Left Knee-Left Ankle,5.481298490184604
12,1,Left Shoulder-Left Hip-Left Knee,160.83580288438444
12,1,Right Shoulder-Right Hip-Right Knee,10.308148636397323
13,1,Left Shoulder-Left Elbow-Left Wrist,3.1733598724988865
13,1,Right Shoulder-Right Elbow-Right Wrist,19.26710923091999
13,1,Left Shoulder-Left Hip-Left Knee,13.80454605972705
13,1,Right Shoulder-Right Hip-Right Knee,9.796993162946
14,1,Left Shoulder-Left Elbow-Left Wrist,4.58838359970809
14,1,Right Shoulder-Right Elbow-Right Wrist,18.366287657582294
14,1,Left Hip-Left Knee-Left Ankle,25.874290279611717
14,1,Left Shoulder-Left Hip-Left Knee,136.90416745742144
14,1,Right Shoulder-Right Hip-Right Knee,10.716966510951702
15,1,Left Shoulder-Left Elbow-Left Wrist,12.668408022969883
15,1,Right Shoulder-Right Elbow-Right Wrist,15.712431013164723
15,1,Left Hip-Left Knee-Left Ankle,36.080930862971556
15,1,Left Shoulder-Left Hip-Left Knee,125.21696773839935
15,1,Right Shoulder-Right Hip-Right Knee,10.977305300098678
16,1,Left Shoulder-Left Elbow-Left Wrist,18.964937355539632
16,1,Right Shoulder-Right Elbow-Right Wrist,9.636412970426498
16,1,Left Hip-Left Knee-Left Ankle,49.94134008400417
16,1,Left Shoulder-Left Hip-Left Knee,137.92554743244833
16,1,Right Shoulder-Right Hip-Right Knee,12.561576155599905
17,1,Left Shoulder-Left Elbow-Left Wrist,26.074803639797306
17,1,Right Shoulder-Right Elbow-Right Wrist,2.917321747826496
17,1,Left Hip-Left Knee-Left Ankle,49.159252462580845
17,1,Right Hip-Right Knee-Right Ankle,27.94234345906593
17,1,Left Shoulder-Left Hip-Left Knee,130.6518957010487
17,1,Right Shoulder-Right Hip-Right Knee,160.8555161241468
18,1,Left Shoulder-Left Elbow-Left Wrist,30.467683447758283
18,1,Right Shoulder-Right Elbow-Right Wrist,173.20023622457234
18,1,Left Hip-Left Knee-Left Ankle,111.74830987352648
18,1,Right Hip-Right Knee-Right Ankle,14.924116230425735
18,1,Left Shoulder-Left Hip-Left Knee,171.60569175970255
18,1,Right Shoulder-Right Hip-Right Knee,174.21375193766406
19,1,Left Shoulder-Left Elbow-Left Wrist,32.81114098708358
19,1,Right Shoulder-Right Elbow-Right Wrist,168.1338399264947
19,1,Left Hip-Left Knee-Left Ankle,14.475128817055307
19,1,Right Hip-Right Knee-Right Ankle,13.117635254453633
19,1,Left Shoulder-Left Hip-Left Knee,144.58052568382982
19,1,Right Shoulder-Right Hip-Right Knee,177.4294500093696
20,1,Left Shoulder-Left Elbow-Left Wrist,39.154827922706886
20,1,Right Shoulder-Right Elbow-Right Wrist,13.147111283366387
20,1,Left Shoulder-Left Hip-Left Knee,16.8154006293689
20,1,Right Shoulder-Right Hip-Right Knee,13.30215466175627
21,1,Left Shoulder-Left Elbow-Left Wrist,46.269483807473414
21,1,Right Shoulder-Right Elbow-Right Wrist,17.40221660164979
21,1,Left Shoulder-Left Hip-Left Knee,16.531100058795694
21,1,Right Shoulder-Right Hip-Right Knee,14.586740934642194
22,1,Left Shoulder-Left Elbow-Left Wrist,46.252547701663794
22,1,Right Shoulder-Right Elbow-Right Wrist,20.028049888679465
22,1,Left Shoulder-Left Hip-Left Knee,15.669914713449414
22,1,Right Shoulder-Right Hip-Right Knee,14.729431168534166
23,1,Left Shoulder-Left Elbow-Left Wrist,35.898786068271946
23,1,Right Shoulder-Right Elbow-Right Wrist,20.031619436948688
23,1,Left Shoulder-Left Hip-Left Knee,17.167719488379383
23,1,Right Shoulder-Right Hip-Right Knee,13.173600794152483
24,1,Left Shoulder-Left Elbow-Left Wrist,109.533907438784
24,1,Right Shoulder-Right Elbow-Right Wrist,18.69432632879216
24,1,Left Shoulder-Left Hip-Left Knee,17.31319225618364
24,1,Right Shoulder-Right Hip-Right Knee,11.457345169466494
25,1,Left Shoulder-Left Elbow-Left Wrist,135.33130352626702
25,1,Right Shoulder-Right Elbow-Right Wrist,17.360787246476786
25,1,Left Hip-Left Knee-Left Ankle,12.345455731999259
25,1,Left Shoulder-Left Hip-Left Knee,149.7432361751064
25,1,Right Shoulder-Right Hip-Right Knee,10.91110910132182
26,1,Left Shoulder-Left Elbow-Left Wrist,148.64243445444936
26,1,Right Shoulder-Right Elbow-Right Wrist,16.47018710366651
26,1,Left Hip-Left Knee-Left Ankle,50.63870372318559
26,1,Right Hip-Right Knee-Right Ankle,56.86905497430018
26,1,Left Shoulder-Left Hip-Left Knee,110.39950982716617
26,1,Right Shoulder-Right Hip-Right Knee,128.44794407556537
27,1,Left Shoulder-Left Elbow-Left Wrist,127.80031539384278
27,1,Right Shoulder-Right Elbow-Right Wrist,18.350348457555878
27,1,Left Hip-Left Knee-Left Ankle,46.44852572409937
27,1,Left Shoulder-Left Hip-Left Knee,114.68562389382936
27,1,Right Shoulder-Right Hip-Right Knee,9.269785004146003
28,1,Left Shoulder-Left Elbow-Left Wrist,109.0023594736741
28,1,Right Shoulder-Right Elbow-Right Wrist,18.582125308361338
28,1,Left Shoulder-Left Hip-Left Knee,12.992787440751277
28,1,Right Shoulder-Right Hip-Right Knee,9.798578578838196
29,1,Left Shoulder-Left Elbow-Left Wrist,106.0517753441843
29,1,Right Shoulder-Right Elbow-Right Wrist,19.151876026985306
29,1,Left Shoulder-Left Hip-Left Knee,11.912921176074898
29,1,Right Shoulder-Right Hip-Right Knee,10.007301409324716
30,1,Left Shoulder-Left Elbow-Left Wrist,99.60952923630859
30,1,Right Shoulder-Right Elbow-Right Wrist,19.520153844078695
30,1,Left Hip-Left Knee-Left Ankle,47.30672031915457
30,1,Right Hip-Right Knee-Right Ankle,50.22801925863416
30,1,Left Shoulder-Left Hip-Left Knee,114.79546235311979
30,1,Right Shoulder-Right Hip-Right Knee,135.35217181049276
31,1,Left Shoulder-Left Elbow-Left Wrist,107.29531789937603
31,1,Right Shoulder-Right Elbow-Right Wrist,21.37145881811196
31,1,Left Shoulder-Left Hip-Left Knee,11.694451452248712
31,1,Right Shoulder-Right Hip-Right Knee,10.044396319707914
32,1,Left Shoulder-Left Elbow-Left Wrist,96.42758870435522
32,1,Right Shoulder-Right Elbow-Right Wrist,23.309023559692847
32,1,Right Hip-Right Knee-Right Ankle,38.938663706825
32,1,Left Shoulder-Left Hip-Left Knee,10.529604807853902
32,1,Right Shoulder-Right Hip-Right Knee,145.9725675453729
33,1,Left Shoulder-Left Elbow-Left Wrist,77.45194475693172
33,1,Right Shoulder-Right Elbow-Right Wrist,23.66012989287319
33,1,Left Shoulder-Left Hip-Left Knee,7.779452705882316
33,1,Right Shoulder-Right Hip-Right Knee,8.081795504618613
34,1,Left Shoulder-Left Elbow-Left Wrist,88.68910723290625
34,1,Right Shoulder-Right Elbow-Right Wrist,35.48147016908409
34,1,Right Hip-Right Knee-Right Ankle,37.988625048832596
34,1,Left Shoulder-Left Hip-Left Knee,9.77939604997237
34,1,Right Shoulder-Right Hip-Right Knee,144.51533514240194
35,1,Left Shoulder-Left Elbow-Left Wrist,76.34964816164812
35,1,Right Shoulder-Right Elbow-Right Wrist,43.582088825525716
35,1,Left Hip-Left Knee-Left Ankle,58.27339344158445
35,1,Right Hip-Right Knee-Right Ankle,59.401891681699865
35,1,Left Shoulder-Left Hip-Left Knee,104.34486065643674
35,1,Right Shoulder-Right Hip-Right Knee,119.95177393036582
36,1,Left Shoulder-Left Elbow-Left Wrist,63.97471605561606
36,1,Right Shoulder-Right Elbow-Right Wrist,53.93966794188603
36,1,Left Hip-Left Knee-Left Ankle,61.4358266264353
36,1,Right Hip-Right Knee-Right Ankle,61.71383354234977
36,1,Left Shoulder-Left Hip-Left Knee,100.10269810819732
36,1,Right Shoulder-Right Hip-Right Knee,117.5648561460181
37,1,Left Shoulder-Left Elbow-Left Wrist,69.9968611276999
37,1,Right Shoulder-Right Elbow-Right Wrist,64.93803185546409
37,1,Left Hip-Left Knee-Left Ankle,50.732758904944326
37,1,Right Hip-Right Knee-Right Ankle,51.22260553476603
37,1,Left Shoulder-Left Hip-Left Knee,118.23261447783914
37,1,Right Shoulder-Right Hip-Right Knee,131.82155205635198
38,1,Left Shoulder-Left Elbow-Left Wrist,66.28459070298517
38,1,Right Shoulder-Right Elbow-Right Wrist,75.13170014076195
38,1,Left Hip-Left Knee-Left Ankle,52.26380070637022
38,1,Right Hip-Right Knee-Right Ankle,54.468918180604746
38,1,Left Shoulder-Left Hip-Left Knee,118.11998979798011
38,1,Right Shoulder-Right Hip-Right Knee,127.28223578080646
39,1,Left Shoulder-Left Elbow-Left Wrist,72.12911855489419
39,1,Right Shoulder-Right Elbow-Right Wrist,78.60670591574663
39,1,Right Hip-Right Knee-Right Ankle,64.14377386008229
39,1,Left Shoulder-Left Hip-Left Knee,1.3382293847044882
39,1,Right Shoulder-Right Hip-Right Knee,113.60187759209471
40,1,Left Shoulder-Left Elbow-Left Wrist,68.18757617064874
40,1,Right Shoulder-Right Elbow-Right Wrist,76.47856199480914
40,1,Left Shoulder-Left Hip-Left Knee,1.7966761479697342
40,1,Right Shoulder-Right Hip-Right Knee,7.990578764097905
41,1,Left Shoulder-Left Elbow-Left Wrist,57.199592303968856
41,1,Right Shoulder-Right Elbow-Right Wrist,72.37534493659344
41,1,Right Hip-Right Knee-Right Ankle,68.01591365435029
41,1,Left Shoulder-Left Hip-Left Knee,3.906303677092509
41,1,Right Shoulder-Right Hip-Right Knee,107.6380785774402
42,1,Left Shoulder-Left Elbow-Left Wrist,61.72507773524607
42,1,Right Shoulder-Right Elbow-Right Wrist,71.5942326171661
42,1,Left Hip-Left Knee-Left Ankle,59.71322573679383
42,1,Right Hip-Right Knee-Right Ankle,65.15852481091919
42,1,Left Shoulder-Left Hip-Left Knee,104.64496445665391
42,1,Right Shoulder-Right Hip-Right Knee,113.24088657804798
43,1,Left Shoulder-Left Elbow-Left Wrist,53.01653683658681
43,1,Right Shoulder-Right Elbow-Right Wrist,66.41173028296906
43,1,Left Hip-Left Knee-Left Ankle,67.93033624446097
43,1,Right Hip-Right Knee-Right Ankle,75.90278144666563
43,1,Left Shoulder-Left Hip-Left Knee,94.42781192455428
43,1,Right Shoulder-Right Hip-Right Knee,101.20118484363061
44,1,Left Shoulder-Left Elbow-Left Wrist,56.62459900847919
44,1,Right Shoulder-Right Elbow-Right Wrist,63.188876651021985
44,1,Left Hip-Left Knee-Left Ankle,59.57778392687658
44,1,Right Hip-Right Knee-Right Ankle,67.16938653700583
44,1,Left Shoulder-Left Hip-Left Knee,103.5936271924965
44,1,Right Shoulder-Right Hip-Right Knee,114.08912541923715
45,1,Left Shoulder-Left Elbow-Left Wrist,41.03679763254754
45,1,Right Shoulder-Right Elbow-Right Wrist,54.617503908702
45,1,Left Hip-Left Knee-Left Ankle,75.26484713599258
45,1,Right Hip-Right Knee-Right Ankle,82.19975948055631
45,1,Left Shoulder-Left Hip-Left Knee,88.36531802580653
45,1,Right Shoulder-Right Hip-Right Knee,100.56226081297872
46,1,Left Shoulder-Left Elbow-Left Wrist,55.41652403285147
46,1,Right Shoulder-Right Elbow-Right Wrist,52.74307075031146
46,1,Left Hip-Left Knee-Left Ankle,58.44873501716341
46,1,Right Hip-Right Knee-Right Ankle,67.62563640735472
46,1,Left Shoulder-Left Hip-Left Knee,105.71881249370679
46,1,Right Shoulder-Right Hip-Right Knee,112.79263295668062
47,1,Left Shoulder-Left Elbow-Left Wrist,70.24192000966929
47,1,Right Shoulder-Right Elbow-Right Wrist,47.86153826325682
47,1,Left Hip-Left Knee-Left Ankle,58.64852465805466
47,1,Right Hip-Right Knee-Right Ankle,65.87265951367395
47,1,Left Shoulder-Left Hip-Left Knee,105.54442704192111
47,1,Right Shoulder-Right Hip-Right Knee,114.31570202646775
48,1,Left Shoulder-Left Elbow-Left Wrist,85.37495215085592
48,1,Right Shoulder-Right Elbow-Right Wrist,45.04135221147482
48,1,Left Hip-Left Knee-Left Ankle,59.24106073675429
48,1,Right Hip-Right Knee-Right Ankle,65.59614021760994
48,1,Left Shoulder-Left Hip-Left Knee,104.64955144490779
48,1,Right Shoulder-Right Hip-Right Knee,115.0416229083755
49,1,Left Shoulder-Left Elbow-Left Wrist,103.24527773389192
49,1,Right Shoulder-Right Elbow-Right Wrist,43.07058405200425
49,1,Left Hip-Left Knee-Left Ankle,55.11088351134207
49,1,Right Hip-Right Knee-Right Ankle,57.46546786947938
49,1,Left Shoulder-Left Hip-Left Knee,111.26345474636557
49,1,Right Shoulder-Right Hip-Right Knee,126.48897887650365
50,1,Left Shoulder-Left Elbow-Left Wrist,115.94308597050716
50,1,Right Shoulder-Right Elbow-Right Wrist,43.86492506199688
50,1,Right Hip-Right Knee-Right Ankle,52.342568338218065
50,1,Left Shoulder-Left Hip-Left Knee,4.429387775850766
50,1,Right Shoulder-Right Hip-Right Knee,132.8646115460928
51,1,Left Shoulder-Left Elbow-Left Wrist,120.20014502860478
51,1,Right Shoulder-Right Elbow-Right Wrist,38.3298700909221
51,1,Left Shoulder-Left Hip-Left Knee,5.593558937553887
51,1,Right Shoulder-Right Hip-Right Knee,11.258880409420348
52,1,Left Shoulder-Left Elbow-Left Wrist,125.3665720962386
52,1,Right Shoulder-Right Elbow-Right Wrist,35.44923277875598
52,1,Left Shoulder-Left Hip-Left Knee,7.427216034526178
52,1,Right Shoulder-Right Hip-Right Knee,9.103361774314676
53,1,Left Shoulder-Left Elbow-Left Wrist,126.84606997733535
53,1,Right Shoulder-Right Elbow-Right Wrist,32.142984128221464
53,1,Left Shoulder-Left Hip-Left Knee,7.723850867016777
53,1,Right Shoulder-Right Hip-Right Knee,10.154004689777397
54,1,Left Shoulder-Left Elbow-Left Wrist,132.14794056051358
54,1,Right Shoulder-Right Elbow-Right Wrist,29.72945027061732
54,1,Left Shoulder-Left Hip-Left Knee,9.353765877029721
54,1,Right Shoulder-Right Hip-Right Knee,9.530875390074948
55,1,Left Shoulder-Left Elbow-Left Wrist,133.69000807981809
55,1,Right Shoulder-Right Elbow-Right Wrist,26.1954163901444
55,1,Left Shoulder-Left Hip-Left Knee,13.042955251473286
55,1,Right Shoulder-Right Hip-Right Knee,9.655734284486888
56,1,Left Shoulder-Left Elbow-Left Wrist,134.50561608746438
56,1,Right Shoulder-Right Elbow-Right Wrist,23.004542377220112
56,1,Left Shoulder-Left Hip-Left Knee,13.39916042520678
56,1,Right Shoulder-Right Hip-Right Knee,10.576036484719353
57,1,Left Shoulder-Left Elbow-Left Wrist,135.6896513401319
57,1,Right Shoulder-Right Elbow-Right Wrist,18.166449542285356
57,1,Left Shoulder-Left Hip-Left Knee,17.62619236113116
57,1,Right Shoulder-Right Hip-Right Knee,8.775478117395041
58,1,Left Shoulder-Left Elbow-Left Wrist,124.02530840418295
58,1,Right Shoulder-Right Elbow-Right Wrist,9.517769486431845
58,1,Left Hip-Left Knee-Left Ankle,12.431573486057069
58,1,Right Hip-Right Knee-Right Ankle,19.386776495872557
58,1,Left Shoulder-Left Hip-Left Knee,146.91957975148145
58,1,Right Shoulder-Right Hip-Right Knee,164.60076080694174
59,1,Left Shoulder-Left Elbow-Left Wrist,102.40310517233749
59,1,Right Shoulder-Right Elbow-Right Wrist,4.624189487749348
59,1,Left Hip-Left Knee-Left Ankle,10.9617451763931
59,1,Right Hip-Right Knee-Right Ankle,6.182313007680585
59,1,Left Shoulder-Left Hip-Left Knee,174.52925858810718
59,1,Right Shoulder-Right Hip-Right Knee,178.53727052389453
60,1,Left Shoulder-Left Elbow-Left Wrist,91.79332972268548
60,1,Right Shoulder-Right Elbow-Right Wrist,2.139545838868464
60,1,Left Hip-Left Knee-Left Ankle,96.6767113867764
60,1,Right Hip-Right Knee-Right Ankle,2.8960402896266535
60,1,Left Shoulder-Left Hip-Left Knee,173.85123333788545
60,1,Right Shoulder-Right Hip-Right Knee,174.78849497568646
61,1,Left Shoulder-Left Elbow-Left Wrist,62.36102389299036
61,1,Right Shoulder-Right Elbow-Right Wrist,2.569331371794887
61,1,Left Hip-Left Knee-Left Ankle,94.137080576312
61,1,Right Hip-Right Knee-Right Ankle,101.43031476279431
61,1,Left Shoulder-Left Hip-Left Knee,168.8625276105921
61,1,Right Shoulder-Right Hip-Right Knee,174.10990817946268
62,1,Left Shoulder-Left Elbow-Left Wrist,34.82741269768303
62,1,Right Shoulder-Right Elbow-Right Wrist,7.602355134467494
62,1,Left Hip-Left Knee-Left Ankle,159.07849734191979
62,1,Right Hip-Right Knee-Right Ankle,166.67348074853038
62,1,Left Shoulder-Left Hip-Left Knee,147.03364156590345
62,1,Right Shoulder-Right Hip-Right Knee,175.27876202506326
63,1,Left Shoulder-Left Elbow-Left Wrist,3.2662665021832296
63,1,Right Shoulder-Right Elbow-Right Wrist,9.211470614190572
63,1,Left Hip-Left Knee-Left Ankle,26.888092313604993
63,1,Right Hip-Right Knee-Right Ankle,2.827778023895281
63,1,Left Shoulder-Left Hip-Left Knee,176.63454059804502
63,1,Right Shoulder-Right Hip-Right Knee,178.96693860135977
64,1,Left Shoulder-Left Elbow-Left Wrist,6.918321285353495
64,1,Right Shoulder-Right Elbow-Right Wrist,8.758112823730952
64,1,Left Hip-Left Knee-Left Ankle,18.901680704017114
64,1,Right Hip-Right Knee-Right Ankle,3.6813715250081245
64,1,Left Shoulder-Left Hip-Left Knee,175.4779230439393
64,1,Right Shoulder-Right Hip-Right Knee,179.00279259154607
65,1,Left Shoulder-Left Elbow-Left Wrist,15.683097055760037
65,1,Right Shoulder-Right Elbow-Right Wrist,3.6284416799418664
65,1,Left Shoulder-Left Hip-Left Knee,22.075269140455404
65,1,Right Shoulder-Right Hip-Right Knee,5.120324684411133
66,1,Left Shoulder-Left Elbow-Left Wrist,25.009392326932872
66,1,Right Shoulder-Right Elbow-Right Wrist,1.67526306566971
66,1,Left Shoulder-Left Hip-Left Knee,21.312706892675642
66,1,Right Shoulder-Right Hip-Right Knee,6.53402012918681
67,1,Left Shoulder-Left Elbow-Left Wrist,32.8165543563657
67,1,Right Shoulder-Right Elbow-Right Wrist,0.8693066156554554
67,1,Left Shoulder-Left Hip-Left Knee,21.241653219546425
67,1,Right Shoulder-Right Hip-Right Knee,7.949940193274048
68,1,Left Shoulder-Left Elbow-Left Wrist,32.695335464485964
68,1,Right Shoulder-Right Elbow-Right Wrist,3.372026691679899
68,1,Left Shoulder-Left Hip-Left Knee,23.202332898075365
68,1,Right Shoulder-Right Hip-Right Knee,5.047835724551407
69,1,Left Shoulder-Left Elbow-Left Wrist,39.484429020962345
69,1,Right Shoulder-Right Elbow-Right Wrist,9.073590939441498
69,1,Left Shoulder-Left Hip-Left Knee,24.863574939851837
69,1,Right Shoulder-Right Hip-Right Knee,2.955123295370502
70,1,Left Shoulder-Left Elbow-Left Wrist,35.662766471805966
70,1,Right Shoulder-Right Elbow-Right Wrist,11.809058297833548
70,1,Left Shoulder-Left Hip-Left Knee,23.56468909325738
70,1,Right Shoulder-Right Hip-Right Knee,3.4902589563375206
71,1,Left Shoulder-Left Elbow-Left Wrist,29.610951552740506
71,1,Right Shoulder-Right Elbow-Right Wrist,0.46140076009492326
71,1,Left Shoulder-Left Hip-Left Knee,21.9821685827592
71,1,Right Shoulder-Right Hip-Right Knee,4.008926982956516
72,1,Left Shoulder-Left Elbow-Left Wrist,31.017917967332743
72,1,Right Shoulder-Right Elbow-Right Wrist,3.4798656342939474
72,1,Left Shoulder-Left Hip-Left Knee,21.69510280213136
72,1,Right Shoulder-Right Hip-Right Knee,5.06461413128179
73,1,Left Shoulder-Left Elbow-Left Wrist,23.59720573131421
73,1,Left Hip-Left Knee-Left Ankle,1.8109971642671212
73,1,Left Shoulder-Left Hip-Left Knee,160.19165504037224
74,1,Left Shoulder-Left Elbow-Left Wrist,15.406221053021527
74,1,Left Shoulder-Left Hip-Left Knee,20.389371013111358
75,1,Left Shoulder-Left Elbow-Left Wrist,7.817683215208356
75,1,Left Shoulder-Left Hip-Left Knee,17.492926491171982
76,1,Left Shoulder-Left Elbow-Left Wrist,3.2078435501984517
76,1,Left Shoulder-Left Hip-Left Knee,19.37636216558512
77,1,Left Shoulder-Left Elbow-Left Wrist,1.3031123709082397
77,1,Left Shoulder-Left Hip-Left Knee,16.660104096062774
78,1,Left Shoulder-Left Elbow-Left Wrist,1.7137216511729487
78,1,Left Shoulder-Left Hip-Left Knee,15.79349055995689
79,1,Left Shoulder-Left Elbow-Left Wrist,2.168440028863762
79,1,Left Shoulder-Left Hip-Left Knee,16.14346853193354
80,1,Left Shoulder-Left Elbow-Left Wrist,0.2130624551327921
80,1,Left Shoulder-Left Hip-Left Knee,16.23755655306914
81,1,Left Shoulder-Left Elbow-Left Wrist,12.645075424550352
81,1,Left Shoulder-Left Hip-Left Knee,17.91371564959504
82,1,Left Shoulder-Left Elbow-Left Wrist,6.17999763280515
82,1,Left Shoulder-Left Hip-Left Knee,15.886989175566864
83,1,Left Shoulder-Left Elbow-Left Wrist,7.156398133311613
83,1,Left Shoulder-Left Hip-Left Knee,13.826298450667913
84,1,Left Shoulder-Left Elbow-Left Wrist,5.511817796828992
84,1,Left Shoulder-Left Hip-Left Knee,10.750339298340096
85,1,Left Shoulder-Left Elbow-Left Wrist,4.920796112800003
85,1,Left Shoulder-Left Hip-Left Knee,8.146952263494015
86,1,Left Shoulder-Left Elbow-Left Wrist,6.763671455239481
86,1,Left Shoulder-Left Hip-Left Knee,9.02913300189627
87,1,Left Shoulder-Left Elbow-Left Wrist,6.975189212946372
87,1,Left Shoulder-Left Hip-Left Knee,9.765211184899735
88,1,Left Shoulder-Left Elbow-Left Wrist,6.1013324724280595
88,1,Left Shoulder-Left Hip-Left Knee,11.296163974726337
89,1,Left Shoulder-Left Elbow-Left Wrist,7.2710587416241985
89,1,Left Shoulder-Left Hip-Left Knee,9.62342903320371
90,1,Left Shoulder-Left Elbow-Left Wrist,11.340605617038074
90,1,Left Shoulder-Left Hip-Left Knee,9.709906742723978
91,1,Left Shoulder-Left Elbow-Left Wrist,19.888528976498492
91,1,Left Shoulder-Left Hip-Left Knee,10.089488415356305
92,1,Left Shoulder-Left Elbow-Left Wrist,92.75874018736712
92,1,Left Shoulder-Left Hip-Left Knee,7.212785533266249
93,1,Left Shoulder-Left Elbow-Left Wrist,110.49310238473925
93,1,Right Shoulder-Right Elbow-Right Wrist,4.734703612883274
93,1,Left Shoulder-Left Hip-Left Knee,6.415912668085636
94,1,Left Shoulder-Left Elbow-Left Wrist,112.15651722539565
94,1,Right Shoulder-Right Elbow-Right Wrist,6.750581231583045
94,1,Left Shoulder-Left Hip-Left Knee,5.082031280871762
95,1,Left Shoulder-Left Elbow-Left Wrist,110.69085762570239
95,1,Right Shoulder-Right Elbow-Right Wrist,3.7836172876703893
95,1,Left Shoulder-Left Hip-Left Knee,9.100576885159533
96,1,Left Shoulder-Left Elbow-Left Wrist,125.20267697942423
96,1,Right Shoulder-Right Elbow-Right Wrist,24.268068198494444
96,1,Left Shoulder-Left Hip-Left Knee,8.234422267141733
96,1,Right Shoulder-Right Hip-Right Knee,6.129958395671246
97,1,Left Shoulder-Left Elbow-Left Wrist,90.50883577143767
97,1,Right Shoulder-Right Elbow-Right Wrist,24.178948853907965
97,1,Left Shoulder-Left Hip-Left Knee,10.053868960177986
97,1,Right Shoulder-Right Hip-Right Knee,5.779604953250633
98,1,Left Shoulder-Left Elbow-Left Wrist,84.52069654353465
98,1,Right Shoulder-Right Elbow-Right Wrist,24.39044571262147
98,1,Left Shoulder-Left Hip-Left Knee,10.183136849706095
98,1,Right Shoulder-Right Hip-Right Knee,8.0186347203499
99,1,Left Shoulder-Left Elbow-Left Wrist,79.84262942398814
99,1,Right Shoulder-Right Elbow-Right Wrist,26.10074219667142
99,1,Left Shoulder-Left Hip-Left Knee,7.132261385709341
99,1,Right Shoulder-Right Hip-Right Knee,11.32098134825632
100,1,Left Shoulder-Left Elbow-Left Wrist,75.78346633926374
100,1,Right Shoulder-Right Elbow-Right Wrist,26.748957596476966
100,1,Left Shoulder-Left Hip-Left Knee,7.987138618821991
100,1,Right Shoulder-Right Hip-Right Knee,11.830798969839824
101,1,Left Shoulder-Left Elbow-Left Wrist,60.66521574035469
101,1,Right Shoulder-Right Elbow-Right Wrist,33.94856419408691
101,1,Left Shoulder-Left Hip-Left Knee,7.885979225051709
101,1,Right Shoulder-Right Hip-Right Knee,10.440143767120494
102,1,Left Shoulder-Left Elbow-Left Wrist,85.09377513448894
102,1,Right Shoulder-Right Elbow-Right Wrist,45.461865487571686
102,1,Right Hip-Right Knee-Right Ankle,12.1337035786387
102,1,Left Shoulder-Left Hip-Left Knee,7.533144841166016
102,1,Right Shoulder-Right Hip-Right Knee,176.23204442598572
103,1,Left Shoulder-Left Elbow-Left Wrist,85.2305696083835
103,1,Right Shoulder-Right Elbow-Right Wrist,57.26567466680071
103,1,Right Hip-Right Knee-Right Ankle,34.56099497312767
103,1,Left Shoulder-Left Hip-Left Knee,7.769379586696907
103,1,Right Shoulder-Right Hip-Right Knee,151.2110006510412
104,1,Left Shoulder-Left Elbow-Left Wrist,53.27207948482655
104,1,Right Shoulder-Right Elbow-Right Wrist,60.48001584842707
104,1,Right Hip-Right Knee-Right Ankle,23.396548015872032
104,1,Left Shoulder-Left Hip-Left Knee,10.206040270362978
104,1,Right Shoulder-Right Hip-Right Knee,163.16668845127123
105,1,Left Shoulder-Left Elbow-Left Wrist,56.24252357823165
105,1,Right Shoulder-Right Elbow-Right Wrist,68.05414422037855
105,1,Left Shoulder-Left Hip-Left Knee,9.92767012303194
105,1,Right Shoulder-Right Hip-Right Knee,6.575276210148131
106,1,Left Shoulder-Left Elbow-Left Wrist,55.991506002887334
106,1,Right Shoulder-Right Elbow-Right Wrist,68.80041400239861
106,1,Left Shoulder-Left Hip-Left Knee,10.185744271864314
106,1,Right Shoulder-Right Hip-Right Knee,6.18193245744065
107,1,Left Shoulder-Left Elbow-Left Wrist,51.31722194305919
107,1,Right Shoulder-Right Elbow-Right Wrist,70.50045387482577
107,1,Left Shoulder-Left Hip-Left Knee,11.274227681270984
107,1,Right Shoulder-Right Hip-Right Knee,5.251842071301202
108,1,Left Shoulder-Left Elbow-Left Wrist,42.795448075117996
108,1,Right Shoulder-Right Elbow-Right Wrist,69.93041680007059
108,1,Left Shoulder-Left Hip-Left Knee,13.501173004724954
108,1,Right Shoulder-Right Hip-Right Knee,4.152892020618203
109,1,Left Shoulder-Left Elbow-Left Wrist,65.99637013248714
109,1,Right Shoulder-Right Elbow-Right Wrist,81.63279736575875
109,1,Left Shoulder-Left Hip-Left Knee,12.887528462520537
109,1,Right Shoulder-Right Hip-Right Knee,2.750578727692811
110,1,Left Shoulder-Left Elbow-Left Wrist,77.25092976148758
110,1,Right Shoulder-Right Elbow-Right Wrist,87.18218279786933
110,1,Left Shoulder-Left Hip-Left Knee,11.977304447667912
110,1,Right Shoulder-Right Hip-Right Knee,3.388302620566004
111,1,Left Shoulder-Left Elbow-Left Wrist,79.29631300354293
111,1,Right Shoulder-Right Elbow-Right Wrist,84.8540810066679
111,1,Left Shoulder-Left Hip-Left Knee,9.607010963835307
111,1,Right Shoulder-Right Hip-Right Knee,2.9250281878870146
112,1,Left Shoulder-Left Elbow-Left Wrist,60.136484362709915
112,1,Right Shoulder-Right Elbow-Right Wrist,80.90628619196147
112,1,Left Shoulder-Left Hip-Left Knee,8.584922365542749
112,1,Right Shoulder-Right Hip-Right Knee,2.4425631130909125
113,1,Left Shoulder-Left Elbow-Left Wrist,74.9124326677288
113,1,Right Shoulder-Right Elbow-Right Wrist,76.80697904299932
113,1,Left Shoulder-Left Hip-Left Knee,9.40010987698319
113,1,Right Shoulder-Right Hip-Right Knee,1.9292497715887793
114,1,Left Shoulder-Left Elbow-Left Wrist,76.97948194133969
114,1,Right Shoulder-Right Elbow-Right Wrist,68.05374289336115
114,1,Left Shoulder-Left Hip-Left Knee,10.456640188903762
114,1,Right Shoulder-Right Hip-Right Knee,2.626815420604313
115,1,Left Shoulder-Left Elbow-Left Wrist,56.35435972028111
115,1,Right Shoulder-Right Elbow-Right Wrist,64.0572121566326
115,1,Left Shoulder-Left Hip-Left Knee,9.12922735516411
115,1,Right Shoulder-Right Hip-Right Knee,6.027240446505141
116,1,Left Shoulder-Left Elbow-Left Wrist,43.46181231603603
116,1,Right Shoulder-Right Elbow-Right Wrist,54.920773502656736
116,1,Left Shoulder-Left Hip-Left Knee,9.211662616704016
116,1,Right Shoulder-Right Hip-Right Knee,6.401747112479058
117,1,Left Shoulder-Left Elbow-Left Wrist,34.33889652773858
117,1,Right Shoulder-Right Elbow-Right Wrist,46.63910102818541
117,1,Left Shoulder-Left Hip-Left Knee,9.07870014946014
117,1,Right Shoulder-Right Hip-Right Knee,5.841705977477954
118,1,Left Shoulder-Left Elbow-Left Wrist,36.419447794865
118,1,Right Shoulder-Right Elbow-Right Wrist,40.88273176987281
118,1,Left Shoulder-Left Hip-Left Knee,9.493326190265485
118,1,Right Shoulder-Right Hip-Right Knee,5.06457544594603
119,1,Left Shoulder-Left Elbow-Left Wrist,40.09086161952382
119,1,Right Shoulder-Right Elbow-Right Wrist,39.261822820760834
119,1,Left Shoulder-Left Hip-Left Knee,9.076946886088193
119,1,Right Shoulder-Right Hip-Right Knee,4.293270890403712
120,1,Left Shoulder-Left Elbow-Left Wrist,57.39444956844484
120,1,Right Shoulder-Right Elbow-Right Wrist,35.20124095026727
120,1,Left Shoulder-Left Hip-Left Knee,6.968211541029983
120,1,Right Shoulder-Right Hip-Right Knee,5.2765577344042365
121,1,Left Shoulder-Left Elbow-Left Wrist,63.87886538642372
121,1,Right Shoulder-Right Elbow-Right Wrist,29.497319456792013
121,1,Left Shoulder-Left Hip-Left Knee,8.665353017771343
121,1,Right Shoulder-Right Hip-Right Knee,3.6731714355459264
122,1,Left Shoulder-Left Elbow-Left Wrist,71.63287665623763
122,1,Right Shoulder-Right Elbow-Right Wrist,21.489612665349
122,1,Left Shoulder-Left Hip-Left Knee,8.419698852629315
122,1,Right Shoulder-Right Hip-Right Knee,4.703737614588288
123,1,Left Shoulder-Left Elbow-Left Wrist,71.34563814233992
123,1,Right Shoulder-Right Elbow-Right Wrist,15.960616449035559
123,1,Left Shoulder-Left Hip-Left Knee,9.190240529869358
123,1,Right Shoulder-Right Hip-Right Knee,5.0926992812357454
124,1,Left Shoulder-Left Elbow-Left Wrist,80.4672141284238
124,1,Right Shoulder-Right Elbow-Right Wrist,13.628692776357962
124,1,Left Shoulder-Left Hip-Left Knee,9.316311004193985
124,1,Right Shoulder-Right Hip-Right Knee,6.336637332543278
125,1,Left Shoulder-Left Elbow-Left Wrist,93.94989981873451
125,1,Right Shoulder-Right Elbow-Right Wrist,10.918503845051989
125,1,Left Shoulder-Left Hip-Left Knee,9.249133834678997
125,1,Right Shoulder-Right Hip-Right Knee,6.814515840759209
126,1,Left Shoulder-Left Elbow-Left Wrist,103.69736023067527
126,1,Right Shoulder-Right Elbow-Right Wrist,12.751621354120447
126,1,Left Shoulder-Left Hip-Left Knee,9.663610784064122
126,1,Right Shoulder-Right Hip-Right Knee,6.81327812061572
127,1,Left Shoulder-Left Elbow-Left Wrist,108.85957795337207
127,1,Right Shoulder-Right Elbow-Right Wrist,17.906697254752178
127,1,Left Shoulder-Left Hip-Left Knee,9.017374482198884
127,1,Right Shoulder-Right Hip-Right Knee,8.20106825090466
128,1,Left Shoulder-Left Elbow-Left Wrist,115.61474141370519
128,1,Right Shoulder-Right Elbow-Right Wrist,19.631518885037412
128,1,Left Shoulder-Left Hip-Left Knee,11.165230871832177
128,1,Right Shoulder-Right Hip-Right Knee,6.591153287140718
129,1,Left Shoulder-Left Elbow-Left Wrist,109.01872952732212
129,1,Right Shoulder-Right Elbow-Right Wrist,20.030133861078674
129,1,Left Shoulder-Left Hip-Left Knee,12.95376806102541
129,1,Right Shoulder-Right Hip-Right Knee,6.806625138847964
130,1,Left Shoulder-Left Elbow-Left Wrist,108.78990570493258
130,1,Right Shoulder-Right Elbow-Right Wrist,20.733707454387027
130,1,Left Shoulder-Left Hip-Left Knee,15.132567427472644
130,1,Right Shoulder-Right Hip-Right Knee,5.324394786297125
131,1,Left Shoulder-Left Elbow-Left Wrist,106.18403623409218
131,1,Right Shoulder-Right Elbow-Right Wrist,21.8176979332653
131,1,Left Shoulder-Left Hip-Left Knee,15.478583687356315
131,1,Right Shoulder-Right Hip-Right Knee,5.697015621925164
132,1,Left Shoulder-Left Elbow-Left Wrist,67.0890818442518
132,1,Right Shoulder-Right Elbow-Right Wrist,22.191690285516735
132,1,Left Shoulder-Left Hip-Left Knee,16.489930205774048
132,1,Right Shoulder-Right Hip-Right Knee,4.757734390314081
133,1,Left Shoulder-Left Elbow-Left Wrist,53.369844733663655
133,1,Right Shoulder-Right Elbow-Right Wrist,24.371823393878962
133,1,Left Shoulder-Left Hip-Left Knee,16.970709061506675
133,1,Right Shoulder-Right Hip-Right Knee,5.23910405108569
134,1,Left Shoulder-Left Elbow-Left Wrist,54.079396862770864
134,1,Right Shoulder-Right Elbow-Right Wrist,25.634344712748625
134,1,Left Shoulder-Left Hip-Left Knee,15.952367768464766
134,1,Right Shoulder-Right Hip-Right Knee,5.953052917227205
135,1,Left Shoulder-Left Elbow-Left Wrist,44.45280511257186
135,1,Right Shoulder-Right Elbow-Right Wrist,27.30633029206329
135,1,Left Shoulder-Left Hip-Left Knee,16.050634777424868
135,1,Right Shoulder-Right Hip-Right Knee,6.582519456236668
136,1,Left Shoulder-Left Elbow-Left Wrist,43.75808496125247
136,1,Right Shoulder-Right Elbow-Right Wrist,28.216547952557594
136,1,Left Shoulder-Left Hip-Left Knee,15.36968315978005
136,1,Right Shoulder-Right Hip-Right Knee,9.899681157989681
137,1,Left Shoulder-Left Elbow-Left Wrist,40.40706383179628
137,1,Right Shoulder-Right Elbow-Right Wrist,29.30966046267422
137,1,Left Shoulder-Left Hip-Left Knee,15.068122357331001
137,1,Right Shoulder-Right Hip-Right Knee,8.57830813751223
138,1,Left Shoulder-Left Elbow-Left Wrist,37.40505273309285
138,1,Right Shoulder-Right Elbow-Right Wrist,31.516292035287886
138,1,Left Shoulder-Left Hip-Left Knee,15.01118821243594
138,1,Right Shoulder-Right Hip-Right Knee,8.909841144034942
139,1,Left Shoulder-Left Elbow-Left Wrist,35.57248275950632
139,1,Right Shoulder-Right Elbow-Right Wrist,32.679475872465616
139,1,Left Shoulder-Left Hip-Left Knee,16.65718540630882
139,1,Right Shoulder-Right Hip-Right Knee,7.7466104667607185
140,1,Left Shoulder-Left Elbow-Left Wrist,29.403299357636886
140,1,Right Shoulder-Right Elbow-Right Wrist,34.73533119749298
140,1,Left Shoulder-Left Hip-Left Knee,16.483841188941707
140,1,Right Shoulder-Right Hip-Right Knee,8.108860069833673
141,1,Left Shoulder-Left Elbow-Left Wrist,24.146327057370765
141,1,Right Shoulder-Right Elbow-Right Wrist,37.82712893549286
141,1,Left Shoulder-Left Hip-Left Knee,16.379579456114246
141,1,Right Shoulder-Right Hip-Right Knee,7.418704268119003
142,1,Left Shoulder-Left Elbow-Left Wrist,15.179760772172441
142,1,Right Shoulder-Right Elbow-Right Wrist,40.341796496239084
142,1,Left Shoulder-Left Hip-Left Knee,17.18288117635661
142,1,Right Shoulder-Right Hip-Right Knee,8.537710898122315
143,1,Left Shoulder-Left Elbow-Left Wrist,23.04362511668231
143,1,Right Shoulder-Right Elbow-Right Wrist,45.62893020738685
143,1,Left Shoulder-Left Hip-Left Knee,18.486431900084753
143,1,Right Shoulder-Right Hip-Right Knee,7.584859162890468
144,1,Left Shoulder-Left Elbow-Left Wrist,19.250315085531692
144,1,Right Shoulder-Right Elbow-Right Wrist,48.59254214584571
144,1,Left Shoulder-Left Hip-Left Knee,19.19236960239521
144,1,Right Shoulder-Right Hip-Right Knee,6.977607268153622
145,1,Left Shoulder-Left Elbow-Left Wrist,23.759329062889158
145,1,Right Shoulder-Right Elbow-Right Wrist,49.392967725097854
145,1,Left Shoulder-Left Hip-Left Knee,19.169918001691602
145,1,Right Shoulder-Right Hip-Right Knee,7.044225684982056
146,1,Left Shoulder-Left Elbow-Left Wrist,32.27075759646053
146,1,Right Shoulder-Right Elbow-Right Wrist,41.92319348501713
146,1,Left Shoulder-Left Hip-Left Knee,18.78854232630932
146,1,Right Shoulder-Right Hip-Right Knee,8.177236691641392
147,1,Left Shoulder-Left Elbow-Left Wrist,72.65222770282112
147,1,Right Shoulder-Right Elbow-Right Wrist,37.690187536303505
147,1,Left Shoulder-Left Hip-Left Knee,19.098069191417487
147,1,Right Shoulder-Right Hip-Right Knee,6.41175496006938
148,1,Left Shoulder-Left Elbow-Left Wrist,130.37626083405667
148,1,Right Shoulder-Right Elbow-Right Wrist,36.53607592692643
148,1,Left Shoulder-Left Hip-Left Knee,17.21903873992634
148,1,Right Shoulder-Right Hip-Right Knee,7.445291175560172
149,1,Left Shoulder-Left Elbow-Left Wrist,138.02913929170367
149,1,Right Shoulder-Right Elbow-Right Wrist,31.67385587382449
149,1,Left Shoulder-Left Hip-Left Knee,16.43804332214367
149,1,Right Shoulder-Right Hip-Right Knee,8.75889779930067
150,1,Left Shoulder-Left Elbow-Left Wrist,157.337571053163
150,1,Right Shoulder-Right Elbow-Right Wrist,32.29433291176535
150,1,Left Shoulder-Left Hip-Left Knee,16.492504744959586
150,1,Right Shoulder-Right Hip-Right Knee,9.520990860675012
151,1,Left Shoulder-Left Elbow-Left Wrist,146.29212229356608
151,1,Right Shoulder-Right Elbow-Right Wrist,31.234316468145217
151,1,Left Shoulder-Left Hip-Left Knee,17.17063487123412
151,1,Right Shoulder-Right Hip-Right Knee,8.88314310276172
152,1,Left Shoulder-Left Elbow-Left Wrist,141.8231456440061
152,1,Right Shoulder-Right Elbow-Right Wrist,28.607782632777077
152,1,Left Shoulder-Left Hip-Left Knee,16.192403883012005
152,1,Right Shoulder-Right Hip-Right Knee,10.325368083166394
153,1,Left Shoulder-Left Elbow-Left Wrist,133.3501056829712
153,1,Right Shoulder-Right Elbow-Right Wrist,21.52267359929275
153,1,Left Shoulder-Left Hip-Left Knee,16.775914675799218
153,1,Right Shoulder-Right Hip-Right Knee,9.210595885862599
154,1,Left Shoulder-Left Elbow-Left Wrist,131.52150455013683
154,1,Right Shoulder-Right Elbow-Right Wrist,17.485142269252982
154,1,Left Shoulder-Left Hip-Left Knee,15.992987175016236
154,1,Right Shoulder-Right Hip-Right Knee,10.583513801330422
155,1,Left Shoulder-Left Elbow-Left Wrist,128.74739327753542
155,1,Right Shoulder-Right Elbow-Right Wrist,14.682723599674464
155,1,Left Shoulder-Left Hip-Left Knee,15.189148368318543
155,1,Right Shoulder-Right Hip-Right Knee,11.638804587690215
156,1,Left Shoulder-Left Elbow-Left Wrist,127.32384676690218
156,1,Right Shoulder-Right Elbow-Right Wrist,12.961078714383827
156,1,Left Shoulder-Left Hip-Left Knee,14.916940631481706
156,1,Right Shoulder-Right Hip-Right Knee,12.244016769243954
157,1,Left Shoulder-Left Elbow-Left Wrist,123.40194603857873
157,1,Right Shoulder-Right Elbow-Right Wrist,13.482993204252994
157,1,Left Shoulder-Left Hip-Left Knee,15.025145109836586
157,1,Right Shoulder-Right Hip-Right Knee,11.95945263671105
158,1,Left Shoulder-Left Elbow-Left Wrist,121.04004913215563
158,1,Right Shoulder-Right Elbow-Right Wrist,15.363780762583609
158,1,Left Shoulder-Left Hip-Left Knee,15.631988378564076
158,1,Right Shoulder-Right Hip-Right Knee,11.908436917848961
159,1,Left Shoulder-Left Elbow-Left Wrist,119.59096915606112
159,1,Right Shoulder-Right Elbow-Right Wrist,14.719730298150273
159,1,Left Shoulder-Left Hip-Left Knee,15.649937336778699
159,1,Right Shoulder-Right Hip-Right Knee,11.48705024305605
160,1,Left Shoulder-Left Elbow-Left Wrist,116.56593665797749
160,1,Right Shoulder-Right Elbow-Right Wrist,11.405687077849572
160,1,Left Shoulder-Left Hip-Left Knee,16.081830477955656
160,1,Right Shoulder-Right Hip-Right Knee,10.552211869711158
161,1,Left Shoulder-Left Elbow-Left Wrist,113.96843958719518
161,1,Right Shoulder-Right Elbow-Right Wrist,8.12463053992829
161,1,Left Shoulder-Left Hip-Left Knee,15.05738599344563
161,1,Right Shoulder-Right Hip-Right Knee,11.290217237094762
162,1,Left Shoulder-Left Elbow-Left Wrist,106.71731826925533
162,1,Right Shoulder-Right Elbow-Right Wrist,7.259906157945689
162,1,Left Shoulder-Left Hip-Left Knee,14.907757311261971
162,1,Right Shoulder-Right Hip-Right Knee,11.318545529192201
163,1,Left Shoulder-Left Elbow-Left Wrist,104.52825172104151
163,1,Right Shoulder-Right Elbow-Right Wrist,4.182121592646265
163,1,Left Shoulder-Left Hip-Left Knee,15.458173008662204
163,1,Right Shoulder-Right Hip-Right Knee,10.601181920539801
164,1,Left Shoulder-Left Elbow-Left Wrist,99.82788320834794
164,1,Right Shoulder-Right Elbow-Right Wrist,2.7855127038847756
164,1,Left Shoulder-Left Hip-Left Knee,15.854157639994899
164,1,Right Shoulder-Right Hip-Right Knee,10.818762947690454
165,1,Left Shoulder-Left Elbow-Left Wrist,93.49342960204358
165,1,Right Shoulder-Right Elbow-Right Wrist,0.6824231169165307
165,1,Left Shoulder-Left Hip-Left Knee,14.855658100101367
165,1,Right Shoulder-Right Hip-Right Knee,9.725222832743984
166,1,Left Shoulder-Left Elbow-Left Wrist,95.31534519269816
166,1,Right Shoulder-Right Elbow-Right Wrist,0.24787221470538592
166,1,Left Shoulder-Left Hip-Left Knee,15.58229278325251
166,1,Right Shoulder-Right Hip-Right Knee,8.196638011864541
167,1,Left Shoulder-Left Elbow-Left Wrist,85.15168112414834
167,1,Right Shoulder-Right Elbow-Right Wrist,3.2393026834451755
167,1,Left Shoulder-Left Hip-Left Knee,15.939016974528595
167,1,Right Shoulder-Right Hip-Right Knee,8.951046153001307
168,1,Left Shoulder-Left Elbow-Left Wrist,75.43753379440206
168,1,Right Shoulder-Right Elbow-Right Wrist,5.37527145114183
168,1,Left Shoulder-Left Hip-Left Knee,16.64735350917191
168,1,Right Shoulder-Right Hip-Right Knee,7.443525167758168
169,1,Left Shoulder-Left Elbow-Left Wrist,78.92572926273179
169,1,Right Shoulder-Right Elbow-Right Wrist,5.371150412438119
169,1,Left Shoulder-Left Hip-Left Knee,16.764859945950644
169,1,Right Shoulder-Right Hip-Right Knee,7.060275520594817
170,1,Left Shoulder-Left Elbow-Left Wrist,74.45241810540816
170,1,Right Shoulder-Right Elbow-Right Wrist,8.590639938802687
170,1,Left Shoulder-Left Hip-Left Knee,14.281298025585494
170,1,Right Shoulder-Right Hip-Right Knee,8.77858906222198
171,1,Left Shoulder-Left Elbow-Left Wrist,72.91186767737797
171,1,Right Shoulder-Right Elbow-Right Wrist,11.424185022617642
171,1,Left Shoulder-Left Hip-Left Knee,13.91340063111685
171,1,Right Shoulder-Right Hip-Right Knee,7.883987697661375
172,1,Left Shoulder-Left Elbow-Left Wrist,72.29527279362578
172,1,Right Shoulder-Right Elbow-Right Wrist,14.78599366564719
172,1,Left Shoulder-Left Hip-Left Knee,14.13682540519572
172,1,Right Shoulder-Right Hip-Right Knee,9.099518837569114
173,1,Left Shoulder-Left Elbow-Left Wrist,68.6866950135688
173,1,Right Shoulder-Right Elbow-Right Wrist,18.116193020126634
173,1,Left Shoulder-Left Hip-Left Knee,16.24732434992229
173,1,Right Shoulder-Right Hip-Right Knee,4.594057918227911
174,1,Left Shoulder-Left Elbow-Left Wrist,72.76238505618329
174,1,Right Shoulder-Right Elbow-Right Wrist,23.49054257109877
174,1,Left Shoulder-Left Hip-Left Knee,14.304026137099733
174,1,Right Shoulder-Right Hip-Right Knee,6.438366818427233
175,1,Left Shoulder-Left Elbow-Left Wrist,74.3989980408582
175,1,Right Shoulder-Right Elbow-Right Wrist,28.564637204700595
175,1,Left Shoulder-Left Hip-Left Knee,17.391057012100944
175,1,Right Shoulder-Right Hip-Right Knee,4.143969596981357
176,1,Left Shoulder-Left Elbow-Left Wrist,78.11905234400247
176,1,Right Shoulder-Right Elbow-Right Wrist,28.63863663010486
176,1,Left Shoulder-Left Hip-Left Knee,17.768295507146988
176,1,Right Shoulder-Right Hip-Right Knee,2.6223406680903176
177,1,Left Shoulder-Left Elbow-Left Wrist,55.430410562942996
177,1,Right Shoulder-Right Elbow-Right Wrist,33.318193979060716
177,1,Left Shoulder-Left Hip-Left Knee,15.396062260225237
177,1,Right Shoulder-Right Hip-Right Knee,5.213422155097751
178,1,Left Shoulder-Left Elbow-Left Wrist,32.65946455837884
178,1,Right Shoulder-Right Elbow-Right Wrist,39.087089975353166
178,1,Left Shoulder-Left Hip-Left Knee,15.389526313886488
178,1,Right Shoulder-Right Hip-Right Knee,3.3962672558160425
179,1,Left Shoulder-Left Elbow-Left Wrist,40.29034867890918
179,1,Right Shoulder-Right Elbow-Right Wrist,40.64376097092809
179,1,Left Shoulder-Left Hip-Left Knee,16.501632788924525
179,1,Right Shoulder-Right Hip-Right Knee,1.7842155260762496
180,1,Left Shoulder-Left Elbow-Left Wrist,38.76850566747401
180,1,Right Shoulder-Right Elbow-Right Wrist,46.51323945671731
180,1,Left Shoulder-Left Hip-Left Knee,16.8328752048679
180,1,Right Shoulder-Right Hip-Right Knee,1.8053691085259265
181,1,Left Shoulder-Left Elbow-Left Wrist,49.935972176977984
181,1,Right Shoulder-Right Elbow-Right Wrist,54.25032333419666
181,1,Right Hip-Right Knee-Right Ankle,0.9261955409259227
181,1,Left Shoulder-Left Hip-Left Knee,15.613917796575633
181,1,Right Shoulder-Right Hip-Right Knee,175.62601132789416
182,1,Left Shoulder-Left Elbow-Left Wrist,53.96413680187264
182,1,Right Shoulder-Right Elbow-Right Wrist,56.858337081950275
182,1,Left Hip-Left Knee-Left Ankle,29.61497387596831
182,1,Right Hip-Right Knee-Right Ankle,8.187003014091491
182,1,Left Shoulder-Left Hip-Left Knee,133.4227085190173
182,1,Right Shoulder-Right Hip-Right Knee,165.567628547958
183,1,Left Shoulder-Left Elbow-Left Wrist,59.12895212419462
183,1,Right Shoulder-Right Elbow-Right Wrist,59.88297327408448
183,1,Left Hip-Left Knee-Left Ankle,39.06606387326674
183,1,Right Hip-Right Knee-Right Ankle,14.12750996555908
183,1,Left Shoulder-Left Hip-Left Knee,122.50488114354717
183,1,Right Shoulder-Right Hip-Right Knee,160.55868757988037
184,1,Left Shoulder-Left Elbow-Left Wrist,56.481835088189996
184,1,Right Shoulder-Right Elbow-Right Wrist,61.22342680812555
184,1,Left Hip-Left Knee-Left Ankle,54.69077768559742
184,1,Right Hip-Right Knee-Right Ankle,16.48541780425472
184,1,Left Shoulder-Left Hip-Left Knee,106.30548134950588
184,1,Right Shoulder-Right Hip-Right Knee,158.39663329442234
185,1,Left Shoulder-Left Elbow-Left Wrist,47.940376782279856
185,1,Right Shoulder-Right Elbow-Right Wrist,53.97096965999872
185,1,Left Hip-Left Knee-Left Ankle,59.44627431917855
185,1,Right Hip-Right Knee-Right Ankle,17.433761749769882
185,1,Left Shoulder-Left Hip-Left Knee,100.81859631100485
185,1,Right Shoulder-Right Hip-Right Knee,158.41760591597304
186,1,Left Shoulder-Left Elbow-Left Wrist,48.011206038460244
186,1,Right Shoulder-Right Elbow-Right Wrist,50.50115378513102
186,1,Left Hip-Left Knee-Left Ankle,55.864955557367054
186,1,Right Hip-Right Knee-Right Ankle,0.38052162477887846
186,1,Left Shoulder-Left Hip-Left Knee,103.51119679645394
186,1,Right Shoulder-Right Hip-Right Knee,177.46634059805555
187,1,Left Shoulder-Left Elbow-Left Wrist,39.62157091043516
187,1,Right Shoulder-Right Elbow-Right Wrist,49.71267928010802
187,1,Left Hip-Left Knee-Left Ankle,46.85810012553429
187,1,Right Hip-Right Knee-Right Ankle,4.176029399686486
187,1,Left Shoulder-Left Hip-Left Knee,110.80534759066539
187,1,Right Shoulder-Right Hip-Right Knee,173.59604798764485
188,1,Left Shoulder-Left Elbow-Left Wrist,34.36217406460565
188,1,Right Shoulder-Right Elbow-Right Wrist,53.772520114432105
188,1,Left Hip-Left Knee-Left Ankle,49.60407883258924
188,1,Right Hip-Right Knee-Right Ankle,24.4974287777574
188,1,Left Shoulder-Left Hip-Left Knee,107.79292819091076
188,1,Right Shoulder-Right Hip-Right Knee,154.79481182254617
189,1,Left Shoulder-Left Elbow-Left Wrist,34.755878076523665
189,1,Right Shoulder-Right Elbow-Right Wrist,58.24301839692828
189,1,Left Hip-Left Knee-Left Ankle,62.68177288928133
189,1,Right Hip-Right Knee-Right Ankle,84.20218042955187
189,1,Left Shoulder-Left Hip-Left Knee,94.62298696191945
189,1,Right Shoulder-Right Hip-Right Knee,91.95401477804381
190,1,Left Shoulder-Left Elbow-Left Wrist,48.44301230779176
190,1,Right Shoulder-Right Elbow-Right Wrist,66.65632590233459
190,1,Left Shoulder-Left Hip-Left Knee,15.254534853323662
190,1,Right Shoulder-Right Hip-Right Knee,5.169755200896963
191,1,Left Shoulder-Left Elbow-Left Wrist,51.42167426270066
191,1,Right Shoulder-Right Elbow-Right Wrist,70.57698380970108
191,1,Left Shoulder-Left Hip-Left Knee,16.71837391975293
191,1,Right Shoulder-Right Hip-Right Knee,7.646755088299056
192,1,Left Shoulder-Left Elbow-Left Wrist,58.51388652594363
192,1,Right Shoulder-Right Elbow-Right Wrist,73.09784236121502
192,1,Left Shoulder-Left Hip-Left Knee,15.668700838448473
192,1,Right Shoulder-Right Hip-Right Knee,7.816051087653269
193,1,Left Shoulder-Left Elbow-Left Wrist,63.71934099775652
193,1,Right Shoulder-Right Elbow-Right Wrist,72.66992285397471
193,1,Left Shoulder-Left Hip-Left Knee,15.499466557019641
193,1,Right Shoulder-Right Hip-Right Knee,7.693247573348312
194,1,Left Shoulder-Left Elbow-Left Wrist,55.29328924153401
194,1,Right Shoulder-Right Elbow-Right Wrist,70.63534131352853
194,1,Left Shoulder-Left Hip-Left Knee,16.95323188876662
194,1,Right Shoulder-Right Hip-Right Knee,7.661600693975643
195,1,Left Shoulder-Left Elbow-Left Wrist,41.688427621313295
195,1,Right Shoulder-Right Elbow-Right Wrist,62.46381151282122
195,1,Left Shoulder-Left Hip-Left Knee,16.336666481044
195,1,Right Shoulder-Right Hip-Right Knee,6.13008631970788
196,1,Left Shoulder-Left Elbow-Left Wrist,39.838603692546684
196,1,Right Shoulder-Right Elbow-Right Wrist,61.94485305996136
196,1,Left Shoulder-Left Hip-Left Knee,16.25726942066266
196,1,Right Shoulder-Right Hip-Right Knee,5.86671711718573
197,1,Left Shoulder-Left Elbow-Left Wrist,40.71656481451043
197,1,Right Shoulder-Right Elbow-Right Wrist,57.46746894057653
197,1,Left Shoulder-Left Hip-Left Knee,14.243523992850799
197,1,Right Shoulder-Right Hip-Right Knee,3.517750337175871
198,1,Left Shoulder-Left Elbow-Left Wrist,42.3479185293442
198,1,Right Shoulder-Right Elbow-Right Wrist,55.350585256072776
198,1,Left Shoulder-Left Hip-Left Knee,14.473120281497653
198,1,Right Shoulder-Right Hip-Right Knee,3.920414829354996
199,1,Left Shoulder-Left Elbow-Left Wrist,49.5048466145978
199,1,Right Shoulder-Right Elbow-Right Wrist,53.668924595743675
199,1,Left Shoulder-Left Hip-Left Knee,13.498700676187656
199,1,Right Shoulder-Right Hip-Right Knee,3.9705932899928253
200,1,Left Shoulder-Left Elbow-Left Wrist,51.99353606254216
200,1,Right Shoulder-Right Elbow-Right Wrist,53.86583085533999
200,1,Left Shoulder-Left Hip-Left Knee,11.8830388457655
200,1,Right Shoulder-Right Hip-Right Knee,2.946698390252898
201,1,Left Shoulder-Left Elbow-Left Wrist,50.915595202908555
201,1,Right Shoulder-Right Elbow-Right Wrist,54.44130900343208
201,1,Left Shoulder-Left Hip-Left Knee,12.174660102744392
201,1,Right Shoulder-Right Hip-Right Knee,2.871194535892118
202,1,Left Shoulder-Left Elbow-Left Wrist,46.17369364870689
202,1,Right Shoulder-Right Elbow-Right Wrist,55.73538064573163
202,1,Left Shoulder-Left Hip-Left Knee,12.079692639629759
202,1,Right Shoulder-Right Hip-Right Knee,1.4044420471740209
203,1,Left Shoulder-Left Elbow-Left Wrist,41.12087869742773
203,1,Right Shoulder-Right Elbow-Right Wrist,56.078536693508504
203,1,Left Shoulder-Left Hip-Left Knee,13.255498023583256
203,1,Right Shoulder-Right Hip-Right Knee,1.113290609712393
204,1,Left Shoulder-Left Elbow-Left Wrist,42.07271975299579
204,1,Right Shoulder-Right Elbow-Right Wrist,55.78304935112297
204,1,Left Shoulder-Left Hip-Left Knee,12.86064413645553
204,1,Right Shoulder-Right Hip-Right Knee,1.162306114820453
205,1,Left Shoulder-Left Elbow-Left Wrist,41.84548248765693
205,1,Right Shoulder-Right Elbow-Right Wrist,56.272372837664165
205,1,Left Shoulder-Left Hip-Left Knee,14.960684600842592
205,1,Right Shoulder-Right Hip-Right Knee,2.2813042241171417
206,1,Left Shoulder-Left Elbow-Left Wrist,32.84881646168594
206,1,Right Shoulder-Right Elbow-Right Wrist,54.015773967960335
206,1,Left Shoulder-Left Hip-Left Knee,13.99243131039725
206,1,Right Shoulder-Right Hip-Right Knee,1.3703078785688783
207,1,Left Shoulder-Left Elbow-Left Wrist,25.899125591236405
207,1,Right Shoulder-Right Elbow-Right Wrist,50.91351853335513
207,1,Left Shoulder-Left Hip-Left Knee,13.328045215656584
207,1,Right Shoulder-Right Hip-Right Knee,0.7356847535235923
208,1,Left Shoulder-Left Elbow-Left Wrist,34.22370317490979
208,1,Right Shoulder-Right Elbow-Right Wrist,48.33199765229316
208,1,Left Shoulder-Left Hip-Left Knee,12.608283867799615
208,1,Right Shoulder-Right Hip-Right Knee,0.69492498135556
209,1,Left Shoulder-Left Elbow-Left Wrist,31.337779878657066
209,1,Right Shoulder-Right Elbow-Right Wrist,46.45165445294028
209,1,Left Shoulder-Left Hip-Left Knee,13.216538746860822
209,1,Right Shoulder-Right Hip-Right Knee,0.6957692013663594
210,1,Left Shoulder-Left Elbow-Left Wrist,31.430283612713342
210,1,Right Shoulder-Right Elbow-Right Wrist,46.774099842109074
210,1,Right Hip-Right Knee-Right Ankle,69.15054492306707
210,1,Left Shoulder-Left Hip-Left Knee,13.216075689174707
210,1,Right Shoulder-Right Hip-Right Knee,106.84155388800957
211,1,Left Shoulder-Left Elbow-Left Wrist,32.54839746079212
211,1,Right Shoulder-Right Elbow-Right Wrist,45.41762583737713
211,1,Right Hip-Right Knee-Right Ankle,49.68674361224635
211,1,Left Shoulder-Left Hip-Left Knee,11.31468195509213
211,1,Right Shoulder-Right Hip-Right Knee,129.90421122330986
212,1,Left Shoulder-Left Elbow-Left Wrist,32.6157661891842
212,1,Right Shoulder-Right Elbow-Right Wrist,48.21557027029001
212,1,Left Hip-Left Knee-Left Ankle,63.46356866814274
212,1,Right Hip-Right Knee-Right Ankle,81.62644334560723
212,1,Left Shoulder-Left Hip-Left Knee,95.85590865650407
212,1,Right Shoulder-Right Hip-Right Knee,97.31675349897161
213,1,Left Shoulder-Left Elbow-Left Wrist,40.823203086643986
213,1,Right Shoulder-Right Elbow-Right Wrist,47.978865241371665
213,1,Left Hip-Left Knee-Left Ankle,85.69756216842646
213,1,Right Hip-Right Knee-Right Ankle,17.48270972181535
213,1,Left Shoulder-Left Hip-Left Knee,75.73870674954928
213,1,Right Shoulder-Right Hip-Right Knee,27.2738474937428
214,1,Left Shoulder-Left Elbow-Left Wrist,56.72133196957413
214,1,Right Shoulder-Right Elbow-Right Wrist,50.9110898083469
214,1,Left Hip-Left Knee-Left Ankle,83.46829271203522
214,1,Right Hip-Right Knee-Right Ankle,140.7270892102113
214,1,Left Shoulder-Left Hip-Left Knee,75.80431089774687
214,1,Right Shoulder-Right Hip-Right Knee,39.81952606432456
215,1,Left Shoulder-Left Elbow-Left Wrist,57.926340452744405
215,1,Right Shoulder-Right Elbow-Right Wrist,44.68856642773479
215,1,Left Hip-Left Knee-Left Ankle,30.42844157829383
215,1,Right Hip-Right Knee-Right Ankle,41.989542605538766
215,1,Left Shoulder-Left Hip-Left Knee,69.75037903366737
215,1,Right Shoulder-Right Hip-Right Knee,0.8538628696320982
216,1,Left Shoulder-Left Elbow-Left Wrist,55.23175057188054
216,1,Right Shoulder-Right Elbow-Right Wrist,43.96258575349612
216,1,Left Hip-Left Knee-Left Ankle,32.73900884401242
216,1,Right Hip-Right Knee-Right Ankle,33.85561538668133
216,1,Left Shoulder-Left Hip-Left Knee,76.8803924160442
216,1,Right Shoulder-Right Hip-Right Knee,13.030495466954585
217,1,Left Shoulder-Left Elbow-Left Wrist,55.46755019898425
217,1,Right Shoulder-Right Elbow-Right Wrist,44.92660570744168
217,1,Right Hip-Right Knee-Right Ankle,73.71797653426353
217,1,Left Shoulder-Left Hip-Left Knee,10.434243243740056
217,1,Right Shoulder-Right Hip-Right Knee,106.52875528466876
218,1,Left Shoulder-Left Elbow-Left Wrist,44.969730251798744
218,1,Right Shoulder-Right Elbow-Right Wrist,43.855693644811154
218,1,Left Shoulder-Left Hip-Left Knee,11.279536739146405
218,1,Right Shoulder-Right Hip-Right Knee,2.6248772971150287
219,1,Left Shoulder-Left Elbow-Left Wrist,57.25066006949741
219,1,Right Shoulder-Right Elbow-Right Wrist,41.54996795482747
219,1,Left Shoulder-Left Hip-Left Knee,9.872031939630808
219,1,Right Shoulder-Right Hip-Right Knee,3.5598549664858097
220,1,Left Shoulder-Left Elbow-Left Wrist,57.170127572032506
220,1,Right Shoulder-Right Elbow-Right Wrist,39.93096230317931
220,1,Left Shoulder-Left Hip-Left Knee,9.050173314852962
220,1,Right Shoulder-Right Hip-Right Knee,4.512624425501315
221,1,Left Shoulder-Left Elbow-Left Wrist,60.268182967762975
221,1,Right Shoulder-Right Elbow-Right Wrist,40.151918025579974
221,1,Left Shoulder-Left Hip-Left Knee,9.330792689165806
221,1,Right Shoulder-Right Hip-Right Knee,5.269571657415803
222,1,Left Shoulder-Left Elbow-Left Wrist,50.12839527563637
222,1,Right Shoulder-Right Elbow-Right Wrist,41.65050794528531
222,1,Left Shoulder-Left Hip-Left Knee,9.522250206952684
222,1,Right Shoulder-Right Hip-Right Knee,6.580105922890061
223,1,Left Shoulder-Left Elbow-Left Wrist,64.30791568337624
223,1,Right Shoulder-Right Elbow-Right Wrist,43.24692510372637
223,1,Left Shoulder-Left Hip-Left Knee,9.436839388022063
223,1,Right Shoulder-Right Hip-Right Knee,7.233211218527072
224,1,Left Shoulder-Left Elbow-Left Wrist,63.539600075455304
224,1,Right Shoulder-Right Elbow-Right Wrist,42.37716747754542
224,1,Left Shoulder-Left Hip-Left Knee,10.05629441391405
224,1,Right Shoulder-Right Hip-Right Knee,6.418754262651663
225,1,Left Shoulder-Left Elbow-Left Wrist,65.29407248262504
225,1,Right Shoulder-Right Elbow-Right Wrist,38.81277545891837
225,1,Left Shoulder-Left Hip-Left Knee,11.485129434805616
225,1,Right Shoulder-Right Hip-Right Knee,6.01604171740671
226,1,Left Shoulder-Left Elbow-Left Wrist,87.55665451705778
226,1,Right Shoulder-Right Elbow-Right Wrist,37.13138111764367
226,1,Left Shoulder-Left Hip-Left Knee,10.16399553113497
226,1,Right Shoulder-Right Hip-Right Knee,7.116703870671779
227,1,Left Shoulder-Left Elbow-Left Wrist,94.85973550152386
227,1,Right Shoulder-Right Elbow-Right Wrist,33.848424098593554
227,1,Left Shoulder-Left Hip-Left Knee,9.436839388022063
227,1,Right Shoulder-Right Hip-Right Knee,8.120787478485413
228,1,Left Shoulder-Left Elbow-Left Wrist,108.38552838526
228,1,Right Shoulder-Right Elbow-Right Wrist,29.976278858597436
228,1,Left Shoulder-Left Hip-Left Knee,11.621033643567515
228,1,Right Shoulder-Right Hip-Right Knee,7.181246459373572
229,1,Left Shoulder-Left Elbow-Left Wrist,113.64341056313326
229,1,Right Shoulder-Right Elbow-Right Wrist,30.35173968064244
229,1,Left Shoulder-Left Hip-Left Knee,9.542603955688826
229,1,Right Shoulder-Right Hip-Right Knee,8.636995761625737
230,1,Left Shoulder-Left Elbow-Left Wrist,113.44779014863802
230,1,Right Shoulder-Right Elbow-Right Wrist,28.517068856842982
230,1,Left Shoulder-Left Hip-Left Knee,9.915956411474085
230,1,Right Shoulder-Right Hip-Right Knee,8.613198928251192
231,1,Left Shoulder-Left Elbow-Left Wrist,115.41195509959397
231,1,Right Shoulder-Right Elbow-Right Wrist,26.279539891566777
231,1,Left Shoulder-Left Hip-Left Knee,11.752035142312563
231,1,Right Shoulder-Right Hip-Right Knee,8.09987276714154
232,1,Left Shoulder-Left Elbow-Left Wrist,118.33534540352431
232,1,Right Shoulder-Right Elbow-Right Wrist,30.38743911795468
232,1,Left Shoulder-Left Hip-Left Knee,11.690643045673712
232,1,Right Shoulder-Right Hip-Right Knee,8.79222849719203
233,1,Left Shoulder-Left Elbow-Left Wrist,123.11259143089144
233,1,Right Shoulder-Right Elbow-Right Wrist,29.993143560657707
233,1,Left Shoulder-Left Hip-Left Knee,12.500141869922457
233,1,Right Shoulder-Right Hip-Right Knee,7.426502687597199
234,1,Left Shoulder-Left Elbow-Left Wrist,126.9324040928414
234,1,Right Shoulder-Right Elbow-Right Wrist,33.22311696231377
234,1,Left Shoulder-Left Hip-Left Knee,11.732367703069011
234,1,Right Shoulder-Right Hip-Right Knee,9.395111202793286
235,1,Left Shoulder-Left Elbow-Left Wrist,137.19636396653019
235,1,Right Shoulder-Right Elbow-Right Wrist,31.780210468707622
235,1,Left Shoulder-Left Hip-Left Knee,11.877299065380603
235,1,Right Shoulder-Right Hip-Right Knee,9.260812766581704
236,1,Left Shoulder-Left Elbow-Left Wrist,146.38982771233734
236,1,Right Shoulder-Right Elbow-Right Wrist,32.46129321247227
236,1,Left Shoulder-Left Hip-Left Knee,12.303376384422386
236,1,Right Shoulder-Right Hip-Right Knee,8.920132564996099
237,1,Left Shoulder-Left Elbow-Left Wrist,145.8935613115428
237,1,Right Shoulder-Right Elbow-Right Wrist,31.66861983910293
237,1,Left Shoulder-Left Hip-Left Knee,11.938487720892535
237,1,Right Shoulder-Right Hip-Right Knee,9.615724381609883
238,1,Left Shoulder-Left Elbow-Left Wrist,145.59659461526627
238,1,Right Shoulder-Right Elbow-Right Wrist,32.05690589444566
238,1,Left Shoulder-Left Hip-Left Knee,12.445526082291703
238,1,Right Shoulder-Right Hip-Right Knee,9.520226914481297
239,1,Left Shoulder-Left Elbow-Left Wrist,131.50368591272124
239,1,Right Shoulder-Right Elbow-Right Wrist,25.940299431294587
239,1,Left Shoulder-Left Hip-Left Knee,11.665334937682147
239,1,Right Shoulder-Right Hip-Right Knee,8.793434911273728
240,1,Left Shoulder-Left Elbow-Left Wrist,133.50986697895323
240,1,Right Shoulder-Right Elbow-Right Wrist,25.768686013250385
240,1,Left Shoulder-Left Hip-Left Knee,11.490393751516029
240,1,Right Shoulder-Right Hip-Right Knee,9.431755805379696
241,1,Left Shoulder-Left Elbow-Left Wrist,139.29596491073758
241,1,Right Shoulder-Right Elbow-Right Wrist,25.82360433014837
241,1,Left Shoulder-Left Hip-Left Knee,11.20252327071329
241,1,Right Shoulder-Right Hip-Right Knee,10.184411671950752
242,1,Left Shoulder-Left Elbow-Left Wrist,137.69257859103695
242,1,Right Shoulder-Right Elbow-Right Wrist,29.376312560019915
242,1,Left Shoulder-Left Hip-Left Knee,12.132062485034526
242,1,Right Shoulder-Right Hip-Right Knee,10.600773523262616
243,1,Left Shoulder-Left Elbow-Left Wrist,132.7728728462648
243,1,Right Shoulder-Right Elbow-Right Wrist,24.964780895951893
243,1,Left Shoulder-Left Hip-Left Knee,10.75290219600744
243,1,Right Shoulder-Right Hip-Right Knee,10.726181781110826
244,1,Left Shoulder-Left Elbow-Left Wrist,143.02026636628466
244,1,Right Shoulder-Right Elbow-Right Wrist,28.984158894240117
244,1,Left Shoulder-Left Hip-Left Knee,11.016191055936826
244,1,Right Shoulder-Right Hip-Right Knee,12.183029325981705
245,1,Left Shoulder-Left Elbow-Left Wrist,130.55375277707296
245,1,Right Shoulder-Right Elbow-Right Wrist,27.62236258420159
245,1,Left Shoulder-Left Hip-Left Knee,11.101400970800638
245,1,Right Shoulder-Right Hip-Right Knee,12.52036936701407
246,1,Left Shoulder-Left Elbow-Left Wrist,129.39714098896886
246,1,Right Shoulder-Right Elbow-Right Wrist,26.835978988024753
246,1,Left Shoulder-Left Hip-Left Knee,12.939637870719142
246,1,Right Shoulder-Right Hip-Right Knee,10.611145708234552
247,1,Left Shoulder-Left Elbow-Left Wrist,138.50838148085617
247,1,Right Shoulder-Right Elbow-Right Wrist,26.609202646681155
247,1,Left Shoulder-Left Hip-Left Knee,12.026442577527483
247,1,Right Shoulder-Right Hip-Right Knee,11.454748808199083
248,1,Left Shoulder-Left Elbow-Left Wrist,142.29014373860502
248,1,Right Shoulder-Right Elbow-Right Wrist,26.478975707727244
248,1,Left Shoulder-Left Hip-Left Knee,13.089782982594615
248,1,Right Shoulder-Right Hip-Right Knee,9.749211135218275
249,1,Left Shoulder-Left Elbow-Left Wrist,152.7185593136746
249,1,Right Shoulder-Right Elbow-Right Wrist,27.009761783971665
249,1,Left Shoulder-Left Hip-Left Knee,13.991922837327975
249,1,Right Shoulder-Right Hip-Right Knee,9.335151800899162
250,1,Left Shoulder-Left Elbow-Left Wrist,144.17388887738647
250,1,Right Shoulder-Right Elbow-Right Wrist,27.872523079802416
250,1,Left Shoulder-Left Hip-Left Knee,14.82377608305008
250,1,Right Shoulder-Right Hip-Right Knee,7.568386140419732
251,1,Left Shoulder-Left Elbow-Left Wrist,135.1186614761994
251,1,Right Shoulder-Right Elbow-Right Wrist,26.17732296412636
251,1,Left Shoulder-Left Hip-Left Knee,16.032319312305837
251,1,Right Shoulder-Right Hip-Right Knee,7.271949134188455
252,1,Left Shoulder-Left Elbow-Left Wrist,136.11938557180878
252,1,Right Shoulder-Right Elbow-Right Wrist,26.044462367008567
252,1,Left Shoulder-Left Hip-Left Knee,17.151502584223813
252,1,Right Shoulder-Right Hip-Right Knee,6.3802403044836025
253,1,Left Shoulder-Left Elbow-Left Wrist,143.89411839320687
253,1,Right Shoulder-Right Elbow-Right Wrist,27.313356956673946
253,1,Left Shoulder-Left Hip-Left Knee,18.381704525147253
253,1,Right Shoulder-Right Hip-Right Knee,5.159663847782967
